timestamp_utc,direction_from_deg,wind_speed_m_s
2025-01-01T00:00:00Z,0.882389,6.886839
2025-01-01T01:00:00Z,329.231466,4.453966
2025-01-01T02:00:00Z,66.003226,8.577900
2025-01-01T03:00:00Z,273.076471,9.068294
2025-01-01T04:00:00Z,186.113062,6.791028
2025-01-01T05:00:00Z,176.443232,3.573271
2025-01-01T06:00:00Z,14.919856,0.961821
2025-01-01T07:00:00Z,10.120531,2.113376
2025-01-01T08:00:00Z,56.834487,7.569235
2025-01-01T09:00:00Z,293.795125,3.340833
2025-01-01T10:00:00Z,314.399092,6.686181
2025-01-01T11:00:00Z,345.059874,5.271576
2025-01-01T12:00:00Z,351.504422,1.382956
2025-01-01T13:00:00Z,202.046698,5.267219
2025-01-01T14:00:00Z,1.086752,6.228477
2025-01-01T15:00:00Z,135.879626,3.718663
2025-01-01T16:00:00Z,57.391111,7.041810
2025-01-01T17:00:00Z,41.257451,2.831272
2025-01-01T18:00:00Z,359.572907,9.912304
2025-01-01T19:00:00Z,317.957889,3.639002
2025-01-01T20:00:00Z,59.695117,7.043714
2025-01-01T21:00:00Z,62.077885,3.815388
2025-01-01T22:00:00Z,27.503481,5.269463
2025-01-01T23:00:00Z,343.288279,1.849073
2025-01-02T00:00:00Z,351.934381,4.109032
2025-01-02T01:00:00Z,13.170122,8.127987
2025-01-02T02:00:00Z,297.433594,4.761647
2025-01-02T03:00:00Z,8.308013,4.971332
2025-01-02T04:00:00Z,186.790323,3.033799
2025-01-02T05:00:00Z,186.729081,6.783145
2025-01-02T06:00:00Z,194.119517,3.816718
2025-01-02T07:00:00Z,41.768833,5.560932
2025-01-02T08:00:00Z,218.017422,3.203011
2025-01-02T09:00:00Z,319.497220,6.926274
2025-01-02T10:00:00Z,17.821162,6.217145
2025-01-02T11:00:00Z,128.131642,2.556291
2025-01-02T12:00:00Z,75.475775,8.359934
2025-01-02T13:00:00Z,67.269937,7.910241
2025-01-02T14:00:00Z,126.730792,4.508936
2025-01-02T15:00:00Z,8.003100,9.836767
2025-01-02T16:00:00Z,337.466632,3.192998
2025-01-02T17:00:00Z,349.606534,8.027074
2025-01-02T18:00:00Z,55.491874,5.444953
2025-01-02T19:00:00Z,42.986828,5.077028
2025-01-02T20:00:00Z,4.484923,0.825375
2025-01-02T21:00:00Z,295.634451,6.961715
2025-01-02T22:00:00Z,313.326316,2.316841
2025-01-02T23:00:00Z,13.097253,1.002430
2025-01-03T00:00:00Z,327.180643,7.571994
2025-01-03T01:00:00Z,216.477918,4.535387
2025-01-03T02:00:00Z,262.983148,6.984782
2025-01-03T03:00:00Z,334.620164,4.013559
2025-01-03T04:00:00Z,4.671104,1.218610
2025-01-03T05:00:00Z,295.617941,8.089498
2025-01-03T06:00:00Z,279.885966,1.613274
2025-01-03T07:00:00Z,315.276122,6.548564
2025-01-03T08:00:00Z,313.007490,3.786893
2025-01-03T09:00:00Z,59.312539,8.688287
2025-01-03T10:00:00Z,59.267688,2.357621
2025-01-03T11:00:00Z,54.714834,5.220672
2025-01-03T12:00:00Z,70.870593,5.717432
2025-01-03T13:00:00Z,289.701351,4.711461
2025-01-03T14:00:00Z,324.487454,5.857232
2025-01-03T15:00:00Z,32.116037,2.361809
2025-01-03T16:00:00Z,1.982946,10.239891
2025-01-03T17:00:00Z,297.222238,5.205081
2025-01-03T18:00:00Z,279.951761,3.199289
2025-01-03T19:00:00Z,14.376626,4.523677
2025-01-03T20:00:00Z,14.443178,6.460214
2025-01-03T21:00:00Z,287.967948,4.867106
2025-01-03T22:00:00Z,74.059201,12.503106
2025-01-03T23:00:00Z,359.984910,3.077140
2025-01-04T00:00:00Z,78.292555,2.294011
2025-01-04T01:00:00Z,312.348734,2.422835
2025-01-04T02:00:00Z,2.509593,4.851371
2025-01-04T03:00:00Z,345.112582,3.351116
2025-01-04T04:00:00Z,308.328841,1.298593
2025-01-04T05:00:00Z,81.475944,2.459027
2025-01-04T06:00:00Z,189.649532,3.106287
2025-01-04T07:00:00Z,355.003032,7.686096
2025-01-04T08:00:00Z,78.399332,4.399653
2025-01-04T09:00:00Z,2.878100,4.707962
2025-01-04T10:00:00Z,268.863813,1.751308
2025-01-04T11:00:00Z,0.919984,9.105373
2025-01-04T12:00:00Z,348.249239,6.268350
2025-01-04T13:00:00Z,224.298392,5.569027
2025-01-04T14:00:00Z,316.752164,9.505506
2025-01-04T15:00:00Z,359.365534,3.552416
2025-01-04T16:00:00Z,85.470097,3.042727
2025-01-04T17:00:00Z,351.565127,2.581323
2025-01-04T18:00:00Z,279.812159,4.572118
2025-01-04T19:00:00Z,299.703847,0.263305
2025-01-04T20:00:00Z,353.590859,2.141236
2025-01-04T21:00:00Z,13.206285,12.187809
2025-01-04T22:00:00Z,247.695738,5.928416
2025-01-04T23:00:00Z,144.676090,1.589909
2025-01-05T00:00:00Z,3.809325,1.936152
2025-01-05T01:00:00Z,354.000439,6.133731
2025-01-05T02:00:00Z,287.230617,6.615881
2025-01-05T03:00:00Z,204.006617,13.436926
2025-01-05T04:00:00Z,310.776382,5.111878
2025-01-05T05:00:00Z,7.849099,5.537986
2025-01-05T06:00:00Z,196.365551,2.528458
2025-01-05T07:00:00Z,33.652016,9.824216
2025-01-05T08:00:00Z,25.927502,4.219745
2025-01-05T09:00:00Z,352.412111,14.807575
2025-01-05T10:00:00Z,131.180093,9.589981
2025-01-05T11:00:00Z,335.395104,3.952626
2025-01-05T12:00:00Z,315.995406,3.947811
2025-01-05T13:00:00Z,30.314467,6.620095
2025-01-05T14:00:00Z,28.125272,4.789195
2025-01-05T15:00:00Z,353.760567,4.238236
2025-01-05T16:00:00Z,346.015587,1.375714
2025-01-05T17:00:00Z,331.535794,0.200000
2025-01-05T18:00:00Z,297.090481,7.624073
2025-01-05T19:00:00Z,102.066550,4.904798
2025-01-05T20:00:00Z,328.339641,6.106424
2025-01-05T21:00:00Z,173.415090,4.204923
2025-01-05T22:00:00Z,263.617239,4.477847
2025-01-05T23:00:00Z,50.413995,7.038376
2025-01-06T00:00:00Z,164.820729,7.072652
2025-01-06T01:00:00Z,25.176121,1.503583
2025-01-06T02:00:00Z,172.267474,9.809967
2025-01-06T03:00:00Z,349.564450,4.364043
2025-01-06T04:00:00Z,39.384883,6.655853
2025-01-06T05:00:00Z,344.813227,5.675151
2025-01-06T06:00:00Z,55.329641,6.999586
2025-01-06T07:00:00Z,63.000573,6.865269
2025-01-06T08:00:00Z,339.520846,7.687746
2025-01-06T09:00:00Z,354.462117,0.230717
2025-01-06T10:00:00Z,7.728391,6.303213
2025-01-06T11:00:00Z,28.345028,6.876636
2025-01-06T12:00:00Z,343.092023,4.469094
2025-01-06T13:00:00Z,3.002663,6.917593
2025-01-06T14:00:00Z,322.957950,2.358559
2025-01-06T15:00:00Z,5.551440,3.252109
2025-01-06T16:00:00Z,13.072887,8.515263
2025-01-06T17:00:00Z,332.421625,7.121587
2025-01-06T18:00:00Z,126.482914,4.064373
2025-01-06T19:00:00Z,17.907378,4.494131
2025-01-06T20:00:00Z,330.947497,4.944692
2025-01-06T21:00:00Z,256.293341,6.603124
2025-01-06T22:00:00Z,256.477405,4.913332
2025-01-06T23:00:00Z,333.462818,5.956725
2025-01-07T00:00:00Z,345.400952,13.084000
2025-01-07T01:00:00Z,334.568838,7.354352
2025-01-07T02:00:00Z,33.318397,8.685891
2025-01-07T03:00:00Z,334.856101,3.671694
2025-01-07T04:00:00Z,320.320454,6.693317
2025-01-07T05:00:00Z,21.397514,2.737133
2025-01-07T06:00:00Z,64.136058,6.149764
2025-01-07T07:00:00Z,325.017771,2.015789
2025-01-07T08:00:00Z,215.382848,11.701298
2025-01-07T09:00:00Z,347.527079,5.054565
2025-01-07T10:00:00Z,9.650571,5.577341
2025-01-07T11:00:00Z,49.856198,5.867825
2025-01-07T12:00:00Z,24.063850,8.642012
2025-01-07T13:00:00Z,25.593616,5.560093
2025-01-07T14:00:00Z,165.012747,0.957873
2025-01-07T15:00:00Z,4.336466,4.618523
2025-01-07T16:00:00Z,232.328426,1.044752
2025-01-07T17:00:00Z,348.800735,4.391558
2025-01-07T18:00:00Z,86.587855,6.418283
2025-01-07T19:00:00Z,100.346700,3.003993
2025-01-07T20:00:00Z,343.256660,2.467070
2025-01-07T21:00:00Z,319.947560,1.294778
2025-01-07T22:00:00Z,59.632668,9.501099
2025-01-07T23:00:00Z,347.895366,2.602966
2025-01-08T00:00:00Z,315.376934,9.147751
2025-01-08T01:00:00Z,11.516035,6.371144
2025-01-08T02:00:00Z,27.485582,8.360734
2025-01-08T03:00:00Z,34.918639,7.681739
2025-01-08T04:00:00Z,47.711793,11.554156
2025-01-08T05:00:00Z,301.907846,2.059250
2025-01-08T06:00:00Z,311.674459,4.957138
2025-01-08T07:00:00Z,356.174381,4.258847
2025-01-08T08:00:00Z,5.116701,7.555431
2025-01-08T09:00:00Z,24.175425,1.740887
2025-01-08T10:00:00Z,43.669176,2.513143
2025-01-08T11:00:00Z,238.570712,5.285003
2025-01-08T12:00:00Z,71.088590,8.037941
2025-01-08T13:00:00Z,62.181112,10.002584
2025-01-08T14:00:00Z,18.516420,3.397852
2025-01-08T15:00:00Z,7.891862,1.865596
2025-01-08T16:00:00Z,89.127694,6.785395
2025-01-08T17:00:00Z,332.604887,6.106029
2025-01-08T18:00:00Z,22.653991,5.734670
2025-01-08T19:00:00Z,62.474175,5.961263
2025-01-08T20:00:00Z,324.174849,3.386470
2025-01-08T21:00:00Z,207.525478,5.243273
2025-01-08T22:00:00Z,311.788143,1.954978
2025-01-08T23:00:00Z,56.784752,7.481602
2025-01-09T00:00:00Z,343.876063,2.405570
2025-01-09T01:00:00Z,266.048707,3.310100
2025-01-09T02:00:00Z,49.788288,5.036800
2025-01-09T03:00:00Z,336.592116,3.631847
2025-01-09T04:00:00Z,74.262432,6.077978
2025-01-09T05:00:00Z,71.206016,3.191673
2025-01-09T06:00:00Z,4.306555,5.584170
2025-01-09T07:00:00Z,112.471238,6.294041
2025-01-09T08:00:00Z,267.000917,2.789144
2025-01-09T09:00:00Z,271.104510,0.200000
2025-01-09T10:00:00Z,71.007566,1.483296
2025-01-09T11:00:00Z,22.988568,4.896983
2025-01-09T12:00:00Z,313.805188,2.226226
2025-01-09T13:00:00Z,43.904345,5.292293
2025-01-09T14:00:00Z,35.738380,2.925515
2025-01-09T15:00:00Z,294.658824,5.477749
2025-01-09T16:00:00Z,328.178688,0.593446
2025-01-09T17:00:00Z,21.245854,5.990603
2025-01-09T18:00:00Z,39.175777,4.094550
2025-01-09T19:00:00Z,287.798638,4.362741
2025-01-09T20:00:00Z,218.158757,5.281348
2025-01-09T21:00:00Z,245.238707,5.933950
2025-01-09T22:00:00Z,223.339357,2.297383
2025-01-09T23:00:00Z,265.836599,3.450919
2025-01-10T00:00:00Z,289.026255,5.886410
2025-01-10T01:00:00Z,86.862886,2.668563
2025-01-10T02:00:00Z,349.242436,3.050958
2025-01-10T03:00:00Z,126.143705,7.411131
2025-01-10T04:00:00Z,355.702657,6.591657
2025-01-10T05:00:00Z,45.624663,8.572102
2025-01-10T06:00:00Z,315.411629,8.120803
2025-01-10T07:00:00Z,326.421511,7.025012
2025-01-10T08:00:00Z,108.234130,6.767930
2025-01-10T09:00:00Z,11.597646,3.464849
2025-01-10T10:00:00Z,59.762611,2.559377
2025-01-10T11:00:00Z,77.934829,2.587924
2025-01-10T12:00:00Z,116.286959,9.407629
2025-01-10T13:00:00Z,275.458874,12.304084
2025-01-10T14:00:00Z,295.066570,8.603311
2025-01-10T15:00:00Z,339.590551,7.887976
2025-01-10T16:00:00Z,355.943633,9.319161
2025-01-10T17:00:00Z,120.836310,1.926244
2025-01-10T18:00:00Z,284.885233,3.835587
2025-01-10T19:00:00Z,346.766437,3.885172
2025-01-10T20:00:00Z,259.132964,3.056317
2025-01-10T21:00:00Z,62.356652,6.534666
2025-01-10T22:00:00Z,34.422483,4.133819
2025-01-10T23:00:00Z,49.623005,2.708423
2025-01-11T00:00:00Z,15.225786,9.652468
2025-01-11T01:00:00Z,86.530095,3.242088
2025-01-11T02:00:00Z,36.072331,6.257132
2025-01-11T03:00:00Z,344.725829,6.679772
2025-01-11T04:00:00Z,130.952066,3.894667
2025-01-11T05:00:00Z,2.706393,6.552539
2025-01-11T06:00:00Z,344.001637,1.592405
2025-01-11T07:00:00Z,293.769417,9.130109
2025-01-11T08:00:00Z,355.238356,7.307215
2025-01-11T09:00:00Z,345.631181,2.624380
2025-01-11T10:00:00Z,111.413975,8.286420
2025-01-11T11:00:00Z,194.330049,11.754575
2025-01-11T12:00:00Z,359.131739,3.530034
2025-01-11T13:00:00Z,303.685048,3.615707
2025-01-11T14:00:00Z,26.034831,1.595209
2025-01-11T15:00:00Z,30.729181,8.307454
2025-01-11T16:00:00Z,342.721357,5.999699
2025-01-11T17:00:00Z,358.360090,2.538508
2025-01-11T18:00:00Z,80.861107,3.193396
2025-01-11T19:00:00Z,34.442209,4.696105
2025-01-11T20:00:00Z,62.815272,4.692837
2025-01-11T21:00:00Z,219.136319,7.523833
2025-01-11T22:00:00Z,347.645065,4.552294
2025-01-11T23:00:00Z,325.818570,6.241744
2025-01-12T00:00:00Z,14.811381,6.684680
2025-01-12T01:00:00Z,27.058121,2.740542
2025-01-12T02:00:00Z,55.745833,5.715698
2025-01-12T03:00:00Z,319.589524,2.467436
2025-01-12T04:00:00Z,204.195329,1.582245
2025-01-12T05:00:00Z,316.316175,3.924746
2025-01-12T06:00:00Z,60.161489,6.291148
2025-01-12T07:00:00Z,0.188555,4.816172
2025-01-12T08:00:00Z,39.643994,7.030408
2025-01-12T09:00:00Z,35.395174,6.188813
2025-01-12T10:00:00Z,250.693414,7.552847
2025-01-12T11:00:00Z,38.062485,5.106079
2025-01-12T12:00:00Z,255.685279,7.830790
2025-01-12T13:00:00Z,12.505651,6.455972
2025-01-12T14:00:00Z,345.011458,5.203117
2025-01-12T15:00:00Z,45.022736,7.656302
2025-01-12T16:00:00Z,67.118464,6.464392
2025-01-12T17:00:00Z,3.777061,6.641258
2025-01-12T18:00:00Z,345.666652,0.858633
2025-01-12T19:00:00Z,243.963063,1.772181
2025-01-12T20:00:00Z,344.316465,4.052504
2025-01-12T21:00:00Z,14.910253,11.128370
2025-01-12T22:00:00Z,21.358221,4.497729
2025-01-12T23:00:00Z,338.958360,3.755364
2025-01-13T00:00:00Z,329.081026,1.554461
2025-01-13T01:00:00Z,181.740883,7.653989
2025-01-13T02:00:00Z,342.634210,3.673814
2025-01-13T03:00:00Z,10.890786,11.609741
2025-01-13T04:00:00Z,33.166102,1.495768
2025-01-13T05:00:00Z,206.187783,4.969519
2025-01-13T06:00:00Z,115.566371,5.984833
2025-01-13T07:00:00Z,11.911101,3.419950
2025-01-13T08:00:00Z,153.897385,2.820713
2025-01-13T09:00:00Z,80.026141,4.467722
2025-01-13T10:00:00Z,353.137125,5.791410
2025-01-13T11:00:00Z,67.809838,4.538092
2025-01-13T12:00:00Z,2.877765,8.597123
2025-01-13T13:00:00Z,201.564785,3.893910
2025-01-13T14:00:00Z,347.730286,5.796799
2025-01-13T15:00:00Z,93.557344,4.210235
2025-01-13T16:00:00Z,14.617529,7.310312
2025-01-13T17:00:00Z,356.791151,4.349749
2025-01-13T18:00:00Z,22.978082,5.146912
2025-01-13T19:00:00Z,35.140483,7.384921
2025-01-13T20:00:00Z,341.383026,4.381870
2025-01-13T21:00:00Z,5.824129,8.206188
2025-01-13T22:00:00Z,130.347415,10.524509
2025-01-13T23:00:00Z,76.390010,8.790824
2025-01-14T00:00:00Z,251.223866,5.054195
2025-01-14T01:00:00Z,317.480799,7.909270
2025-01-14T02:00:00Z,265.793074,4.043553
2025-01-14T03:00:00Z,347.329385,6.359203
2025-01-14T04:00:00Z,208.921743,7.802786
2025-01-14T05:00:00Z,86.026266,1.503323
2025-01-14T06:00:00Z,246.827130,2.320076
2025-01-14T07:00:00Z,75.870179,8.316397
2025-01-14T08:00:00Z,91.472849,9.119856
2025-01-14T09:00:00Z,76.629458,8.901496
2025-01-14T10:00:00Z,315.419008,7.598254
2025-01-14T11:00:00Z,29.386528,3.669448
2025-01-14T12:00:00Z,309.298240,8.419637
2025-01-14T13:00:00Z,298.490530,3.548552
2025-01-14T14:00:00Z,47.583015,6.679383
2025-01-14T15:00:00Z,75.529135,4.106311
2025-01-14T16:00:00Z,89.729707,4.612176
2025-01-14T17:00:00Z,16.659458,8.908861
2025-01-14T18:00:00Z,355.005225,3.556102
2025-01-14T19:00:00Z,296.283180,1.388709
2025-01-14T20:00:00Z,16.634204,3.759733
2025-01-14T21:00:00Z,324.260933,3.767108
2025-01-14T22:00:00Z,37.683897,6.032807
2025-01-14T23:00:00Z,308.874353,8.685019
2025-01-15T00:00:00Z,356.641859,7.625618
2025-01-15T01:00:00Z,345.907099,7.498170
2025-01-15T02:00:00Z,27.972008,4.428970
2025-01-15T03:00:00Z,311.545214,5.643108
2025-01-15T04:00:00Z,339.258199,4.865946
2025-01-15T05:00:00Z,222.632132,3.840852
2025-01-15T06:00:00Z,151.281055,5.245492
2025-01-15T07:00:00Z,5.563384,4.314805
2025-01-15T08:00:00Z,338.099577,3.138241
2025-01-15T09:00:00Z,49.279527,7.022741
2025-01-15T10:00:00Z,151.586070,6.710524
2025-01-15T11:00:00Z,238.333273,2.441127
2025-01-15T12:00:00Z,347.415101,7.716667
2025-01-15T13:00:00Z,76.062762,5.163842
2025-01-15T14:00:00Z,33.109292,2.592296
2025-01-15T15:00:00Z,293.070716,7.506161
2025-01-15T16:00:00Z,26.660967,3.457901
2025-01-15T17:00:00Z,127.591120,5.358123
2025-01-15T18:00:00Z,330.676137,2.489851
2025-01-15T19:00:00Z,146.960558,4.778043
2025-01-15T20:00:00Z,14.582218,10.577625
2025-01-15T21:00:00Z,38.018267,1.776714
2025-01-15T22:00:00Z,354.636620,3.667687
2025-01-15T23:00:00Z,137.438877,3.741370
2025-01-16T00:00:00Z,339.429326,6.084234
2025-01-16T01:00:00Z,300.156271,11.321924
2025-01-16T02:00:00Z,291.911120,3.945867
2025-01-16T03:00:00Z,1.380907,0.501686
2025-01-16T04:00:00Z,354.286016,5.142337
2025-01-16T05:00:00Z,329.086294,4.307726
2025-01-16T06:00:00Z,46.552392,2.539217
2025-01-16T07:00:00Z,209.604526,1.038140
2025-01-16T08:00:00Z,216.388328,6.971921
2025-01-16T09:00:00Z,11.574905,3.703706
2025-01-16T10:00:00Z,9.553432,3.703063
2025-01-16T11:00:00Z,348.542436,4.155375
2025-01-16T12:00:00Z,358.387909,4.087532
2025-01-16T13:00:00Z,1.536704,2.438040
2025-01-16T14:00:00Z,312.787137,0.721648
2025-01-16T15:00:00Z,293.621021,7.537953
2025-01-16T16:00:00Z,16.969135,1.917682
2025-01-16T17:00:00Z,358.316047,6.135317
2025-01-16T18:00:00Z,312.252606,8.332204
2025-01-16T19:00:00Z,352.622101,9.576735
2025-01-16T20:00:00Z,266.728299,2.422382
2025-01-16T21:00:00Z,318.160229,1.804697
2025-01-16T22:00:00Z,250.214417,6.124297
2025-01-16T23:00:00Z,10.084511,5.529500
2025-01-17T00:00:00Z,23.389769,5.176924
2025-01-17T01:00:00Z,168.200081,4.826614
2025-01-17T02:00:00Z,261.677171,5.896212
2025-01-17T03:00:00Z,342.129500,7.146720
2025-01-17T04:00:00Z,18.788023,3.759667
2025-01-17T05:00:00Z,320.387119,5.758111
2025-01-17T06:00:00Z,139.795075,3.350063
2025-01-17T07:00:00Z,352.747643,12.764196
2025-01-17T08:00:00Z,358.933847,12.026669
2025-01-17T09:00:00Z,53.506309,0.773743
2025-01-17T10:00:00Z,330.049248,9.729872
2025-01-17T11:00:00Z,173.704096,8.642621
2025-01-17T12:00:00Z,296.462103,3.259799
2025-01-17T13:00:00Z,339.059259,5.836609
2025-01-17T14:00:00Z,357.037899,6.985554
2025-01-17T15:00:00Z,169.944165,5.030498
2025-01-17T16:00:00Z,49.783994,1.406475
2025-01-17T17:00:00Z,15.711145,4.649720
2025-01-17T18:00:00Z,296.451793,2.896360
2025-01-17T19:00:00Z,266.037700,5.096063
2025-01-17T20:00:00Z,358.586044,5.547925
2025-01-17T21:00:00Z,12.450431,1.960077
2025-01-17T22:00:00Z,359.834559,4.987908
2025-01-17T23:00:00Z,334.252985,5.647427
2025-01-18T00:00:00Z,7.735592,4.620928
2025-01-18T01:00:00Z,349.471657,4.318758
2025-01-18T02:00:00Z,352.944835,1.373409
2025-01-18T03:00:00Z,346.912971,6.995707
2025-01-18T04:00:00Z,339.652003,6.562655
2025-01-18T05:00:00Z,324.910940,6.862105
2025-01-18T06:00:00Z,228.449611,4.425532
2025-01-18T07:00:00Z,124.037671,8.212113
2025-01-18T08:00:00Z,54.056369,2.800137
2025-01-18T09:00:00Z,142.148071,6.267100
2025-01-18T10:00:00Z,17.647480,7.151702
2025-01-18T11:00:00Z,122.354918,3.487505
2025-01-18T12:00:00Z,1.686561,8.205677
2025-01-18T13:00:00Z,235.282401,6.301944
2025-01-18T14:00:00Z,254.748859,4.524597
2025-01-18T15:00:00Z,82.240356,4.549108
2025-01-18T16:00:00Z,348.272346,5.811761
2025-01-18T17:00:00Z,143.258643,1.193442
2025-01-18T18:00:00Z,235.702369,3.724090
2025-01-18T19:00:00Z,90.084584,7.125235
2025-01-18T20:00:00Z,73.115783,4.119786
2025-01-18T21:00:00Z,320.343303,2.374862
2025-01-18T22:00:00Z,318.998299,8.639356
2025-01-18T23:00:00Z,332.903319,1.552994
2025-01-19T00:00:00Z,94.482060,4.456414
2025-01-19T01:00:00Z,13.015033,0.845773
2025-01-19T02:00:00Z,322.510800,3.438918
2025-01-19T03:00:00Z,287.136766,7.660628
2025-01-19T04:00:00Z,67.519636,3.816668
2025-01-19T05:00:00Z,21.684820,2.603646
2025-01-19T06:00:00Z,10.611601,2.385113
2025-01-19T07:00:00Z,341.971484,3.660805
2025-01-19T08:00:00Z,282.921747,0.905309
2025-01-19T09:00:00Z,36.671410,3.586584
2025-01-19T10:00:00Z,4.638859,3.039118
2025-01-19T11:00:00Z,356.407360,11.350883
2025-01-19T12:00:00Z,276.921557,1.154841
2025-01-19T13:00:00Z,32.002297,8.080883
2025-01-19T14:00:00Z,339.491896,3.566526
2025-01-19T15:00:00Z,148.702528,5.799177
2025-01-19T16:00:00Z,348.690354,6.315833
2025-01-19T17:00:00Z,70.412776,10.511334
2025-01-19T18:00:00Z,327.129466,2.035328
2025-01-19T19:00:00Z,250.078219,7.112449
2025-01-19T20:00:00Z,49.446012,5.234251
2025-01-19T21:00:00Z,4.487903,8.305360
2025-01-19T22:00:00Z,34.970157,5.547032
2025-01-19T23:00:00Z,20.130368,9.088384
2025-01-20T00:00:00Z,285.721696,2.858770
2025-01-20T01:00:00Z,258.295768,1.295080
2025-01-20T02:00:00Z,39.812153,4.081788
2025-01-20T03:00:00Z,198.189750,1.277900
2025-01-20T04:00:00Z,41.650926,4.355429
2025-01-20T05:00:00Z,310.742295,2.535032
2025-01-20T06:00:00Z,29.330960,13.576359
2025-01-20T07:00:00Z,329.648806,1.198440
2025-01-20T08:00:00Z,123.851254,3.949390
2025-01-20T09:00:00Z,12.966173,9.740742
2025-01-20T10:00:00Z,33.268567,7.026832
2025-01-20T11:00:00Z,35.386410,5.247674
2025-01-20T12:00:00Z,330.527105,4.055087
2025-01-20T13:00:00Z,314.360390,9.089667
2025-01-20T14:00:00Z,44.620797,8.371310
2025-01-20T15:00:00Z,4.197839,2.157874
2025-01-20T16:00:00Z,197.876387,6.542811
2025-01-20T17:00:00Z,36.129257,7.706553
2025-01-20T18:00:00Z,310.442580,7.139237
2025-01-20T19:00:00Z,2.903305,1.908330
2025-01-20T20:00:00Z,341.248015,5.874026
2025-01-20T21:00:00Z,27.256880,5.665818
2025-01-20T22:00:00Z,15.826515,4.056720
2025-01-20T23:00:00Z,349.997569,0.672582
2025-01-21T00:00:00Z,343.891624,8.342333
2025-01-21T01:00:00Z,240.698560,2.906408
2025-01-21T02:00:00Z,39.276673,3.021370
2025-01-21T03:00:00Z,24.967199,5.287377
2025-01-21T04:00:00Z,263.356220,6.207146
2025-01-21T05:00:00Z,346.159526,3.869162
2025-01-21T06:00:00Z,1.021590,7.316041
2025-01-21T07:00:00Z,9.453242,5.984900
2025-01-21T08:00:00Z,278.354791,7.573185
2025-01-21T09:00:00Z,337.191237,6.267842
2025-01-21T10:00:00Z,306.895357,4.364709
2025-01-21T11:00:00Z,319.834409,3.567377
2025-01-21T12:00:00Z,272.677878,2.532467
2025-01-21T13:00:00Z,343.018622,4.336436
2025-01-21T14:00:00Z,15.930616,4.177869
2025-01-21T15:00:00Z,312.265989,1.371281
2025-01-21T16:00:00Z,333.063707,2.675186
2025-01-21T17:00:00Z,349.068004,11.378556
2025-01-21T18:00:00Z,138.848529,4.942225
2025-01-21T19:00:00Z,291.705382,2.189517
2025-01-21T20:00:00Z,328.131275,2.591091
2025-01-21T21:00:00Z,317.873653,8.060694
2025-01-21T22:00:00Z,3.507530,8.137706
2025-01-21T23:00:00Z,98.236225,2.590725
2025-01-22T00:00:00Z,319.167441,2.927011
2025-01-22T01:00:00Z,2.906038,4.898672
2025-01-22T02:00:00Z,36.849130,3.701682
2025-01-22T03:00:00Z,336.834768,3.820283
2025-01-22T04:00:00Z,337.955463,4.961764
2025-01-22T05:00:00Z,246.792944,13.389292
2025-01-22T06:00:00Z,122.821105,6.592053
2025-01-22T07:00:00Z,53.797982,1.648252
2025-01-22T08:00:00Z,16.594582,9.101984
2025-01-22T09:00:00Z,296.695221,3.352097
2025-01-22T10:00:00Z,18.374003,1.920410
2025-01-22T11:00:00Z,20.534526,2.378692
2025-01-22T12:00:00Z,344.714453,5.056820
2025-01-22T13:00:00Z,303.858574,1.033939
2025-01-22T14:00:00Z,106.204766,8.773194
2025-01-22T15:00:00Z,104.385035,12.150545
2025-01-22T16:00:00Z,336.102478,7.323814
2025-01-22T17:00:00Z,23.268599,4.905471
2025-01-22T18:00:00Z,45.662184,7.611772
2025-01-22T19:00:00Z,292.860544,6.120780
2025-01-22T20:00:00Z,29.312789,8.083352
2025-01-22T21:00:00Z,10.882028,3.872986
2025-01-22T22:00:00Z,331.420201,7.560605
2025-01-22T23:00:00Z,341.393886,13.473648
2025-01-23T00:00:00Z,51.409177,3.669385
2025-01-23T01:00:00Z,8.440700,2.961122
2025-01-23T02:00:00Z,7.542883,10.941827
2025-01-23T03:00:00Z,12.284103,3.679104
2025-01-23T04:00:00Z,55.792930,9.115234
2025-01-23T05:00:00Z,9.204041,5.772804
2025-01-23T06:00:00Z,36.599558,4.658360
2025-01-23T07:00:00Z,321.269070,1.404019
2025-01-23T08:00:00Z,3.445374,9.390766
2025-01-23T09:00:00Z,350.717506,7.463571
2025-01-23T10:00:00Z,50.801040,7.480820
2025-01-23T11:00:00Z,322.390954,2.142703
2025-01-23T12:00:00Z,15.694481,3.022969
2025-01-23T13:00:00Z,14.318275,2.348856
2025-01-23T14:00:00Z,55.341443,12.108928
2025-01-23T15:00:00Z,338.438670,2.681810
2025-01-23T16:00:00Z,14.054737,6.534158
2025-01-23T17:00:00Z,54.197707,5.177321
2025-01-23T18:00:00Z,5.549707,1.703906
2025-01-23T19:00:00Z,164.645286,8.778898
2025-01-23T20:00:00Z,358.632376,5.171668
2025-01-23T21:00:00Z,171.189881,3.337889
2025-01-23T22:00:00Z,59.100978,7.246947
2025-01-23T23:00:00Z,307.737587,9.767778
2025-01-24T00:00:00Z,26.315649,6.386835
2025-01-24T01:00:00Z,63.916216,3.228104
2025-01-24T02:00:00Z,32.062473,5.696695
2025-01-24T03:00:00Z,338.997669,1.303639
2025-01-24T04:00:00Z,258.983230,7.401421
2025-01-24T05:00:00Z,323.248837,2.965022
2025-01-24T06:00:00Z,249.627135,7.792957
2025-01-24T07:00:00Z,21.534627,5.123702
2025-01-24T08:00:00Z,212.228982,11.616715
2025-01-24T09:00:00Z,263.818935,1.641705
2025-01-24T10:00:00Z,4.794420,1.672967
2025-01-24T11:00:00Z,338.194809,5.046835
2025-01-24T12:00:00Z,25.209184,1.776634
2025-01-24T13:00:00Z,341.850123,6.280950
2025-01-24T14:00:00Z,345.680478,8.475598
2025-01-24T15:00:00Z,25.618865,5.875345
2025-01-24T16:00:00Z,5.374087,1.729847
2025-01-24T17:00:00Z,306.216173,2.398615
2025-01-24T18:00:00Z,340.041685,11.050742
2025-01-24T19:00:00Z,29.825181,2.797098
2025-01-24T20:00:00Z,14.908867,1.991116
2025-01-24T21:00:00Z,88.385514,3.602884
2025-01-24T22:00:00Z,95.698891,8.723757
2025-01-24T23:00:00Z,346.092784,5.345170
2025-01-25T00:00:00Z,46.342077,4.415098
2025-01-25T01:00:00Z,325.426538,6.631226
2025-01-25T02:00:00Z,12.866156,5.408117
2025-01-25T03:00:00Z,36.225565,6.839215
2025-01-25T04:00:00Z,43.136484,7.579536
2025-01-25T05:00:00Z,20.544874,0.887356
2025-01-25T06:00:00Z,111.268066,7.380575
2025-01-25T07:00:00Z,68.267467,2.757134
2025-01-25T08:00:00Z,24.692682,11.495947
2025-01-25T09:00:00Z,356.113982,7.677036
2025-01-25T10:00:00Z,268.444090,12.634568
2025-01-25T11:00:00Z,51.934324,8.546164
2025-01-25T12:00:00Z,211.293102,8.070738
2025-01-25T13:00:00Z,286.369206,3.441961
2025-01-25T14:00:00Z,325.146225,10.772916
2025-01-25T15:00:00Z,12.359376,1.918165
2025-01-25T16:00:00Z,306.460069,7.752038
2025-01-25T17:00:00Z,251.962013,6.160388
2025-01-25T18:00:00Z,69.489720,8.884215
2025-01-25T19:00:00Z,21.626232,3.855575
2025-01-25T20:00:00Z,299.670560,4.697647
2025-01-25T21:00:00Z,61.658863,2.367044
2025-01-25T22:00:00Z,236.783935,5.046275
2025-01-25T23:00:00Z,358.354385,3.626144
2025-01-26T00:00:00Z,354.299460,8.349074
2025-01-26T01:00:00Z,335.882828,4.134010
2025-01-26T02:00:00Z,347.284063,9.303536
2025-01-26T03:00:00Z,21.941679,1.373040
2025-01-26T04:00:00Z,208.096457,10.446040
2025-01-26T05:00:00Z,321.601256,5.897724
2025-01-26T06:00:00Z,334.251217,4.015772
2025-01-26T07:00:00Z,343.040979,2.175423
2025-01-26T08:00:00Z,294.933314,2.831781
2025-01-26T09:00:00Z,321.596885,11.250335
2025-01-26T10:00:00Z,70.177551,7.573229
2025-01-26T11:00:00Z,227.244990,1.498231
2025-01-26T12:00:00Z,17.290745,8.098167
2025-01-26T13:00:00Z,352.111038,7.295890
2025-01-26T14:00:00Z,354.844616,3.390637
2025-01-26T15:00:00Z,39.950493,5.667113
2025-01-26T16:00:00Z,297.305842,1.108350
2025-01-26T17:00:00Z,289.702812,10.154774
2025-01-26T18:00:00Z,304.572114,5.344595
2025-01-26T19:00:00Z,313.445192,4.093665
2025-01-26T20:00:00Z,43.087823,3.559773
2025-01-26T21:00:00Z,121.968972,3.035111
2025-01-26T22:00:00Z,317.447134,0.704339
2025-01-26T23:00:00Z,36.852626,3.694700
2025-01-27T00:00:00Z,117.220003,3.045280
2025-01-27T01:00:00Z,24.723251,1.660522
2025-01-27T02:00:00Z,296.628057,4.929312
2025-01-27T03:00:00Z,40.709134,7.243642
2025-01-27T04:00:00Z,45.462374,1.687976
2025-01-27T05:00:00Z,40.352613,4.113223
2025-01-27T06:00:00Z,336.980357,2.452113
2025-01-27T07:00:00Z,99.936078,2.850035
2025-01-27T08:00:00Z,338.154830,2.913008
2025-01-27T09:00:00Z,313.621675,6.775124
2025-01-27T10:00:00Z,15.800806,4.880626
2025-01-27T11:00:00Z,137.176857,6.561195
2025-01-27T12:00:00Z,4.476552,11.071586
2025-01-27T13:00:00Z,348.481724,3.118692
2025-01-27T14:00:00Z,5.146590,3.876212
2025-01-27T15:00:00Z,77.677864,3.084743
2025-01-27T16:00:00Z,28.930686,6.110916
2025-01-27T17:00:00Z,353.189557,1.240503
2025-01-27T18:00:00Z,293.560260,11.369315
2025-01-27T19:00:00Z,2.593720,2.609551
2025-01-27T20:00:00Z,296.006478,8.943372
2025-01-27T21:00:00Z,234.261658,1.594000
2025-01-27T22:00:00Z,345.428966,9.857423
2025-01-27T23:00:00Z,52.448151,2.544955
2025-01-28T00:00:00Z,49.053236,2.100869
2025-01-28T01:00:00Z,335.227735,4.556185
2025-01-28T02:00:00Z,43.872247,4.207723
2025-01-28T03:00:00Z,344.320328,7.105828
2025-01-28T04:00:00Z,66.071695,3.101922
2025-01-28T05:00:00Z,32.073461,0.453748
2025-01-28T06:00:00Z,91.075306,3.214028
2025-01-28T07:00:00Z,246.162792,7.650243
2025-01-28T08:00:00Z,21.954280,4.435664
2025-01-28T09:00:00Z,217.711299,6.145058
2025-01-28T10:00:00Z,254.670135,0.854076
2025-01-28T11:00:00Z,61.467874,8.722917
2025-01-28T12:00:00Z,8.973278,1.847447
2025-01-28T13:00:00Z,350.073130,12.739114
2025-01-28T14:00:00Z,327.722912,6.608037
2025-01-28T15:00:00Z,15.266308,1.565160
2025-01-28T16:00:00Z,349.466521,15.535935
2025-01-28T17:00:00Z,307.688152,8.570661
2025-01-28T18:00:00Z,358.232140,5.907238
2025-01-28T19:00:00Z,43.958219,2.079262
2025-01-28T20:00:00Z,318.869614,4.637978
2025-01-28T21:00:00Z,256.952480,2.951101
2025-01-28T22:00:00Z,276.602283,2.138015
2025-01-28T23:00:00Z,288.808064,5.219654
2025-01-29T00:00:00Z,84.130857,6.890989
2025-01-29T01:00:00Z,25.230228,2.116788
2025-01-29T02:00:00Z,54.805835,7.733807
2025-01-29T03:00:00Z,112.662279,5.150552
2025-01-29T04:00:00Z,273.026819,5.424593
2025-01-29T05:00:00Z,294.014375,10.006725
2025-01-29T06:00:00Z,336.596918,6.453084
2025-01-29T07:00:00Z,339.697333,12.699901
2025-01-29T08:00:00Z,3.659961,4.501099
2025-01-29T09:00:00Z,67.995870,6.811171
2025-01-29T10:00:00Z,352.677625,7.492599
2025-01-29T11:00:00Z,46.434513,9.472181
2025-01-29T12:00:00Z,354.758182,2.999100
2025-01-29T13:00:00Z,19.089667,2.483301
2025-01-29T14:00:00Z,15.939259,6.739092
2025-01-29T15:00:00Z,319.833552,10.092142
2025-01-29T16:00:00Z,301.097075,10.832365
2025-01-29T17:00:00Z,335.585070,6.710661
2025-01-29T18:00:00Z,3.193606,7.605285
2025-01-29T19:00:00Z,12.276814,8.266793
2025-01-29T20:00:00Z,43.906590,6.188031
2025-01-29T21:00:00Z,29.586686,4.494863
2025-01-29T22:00:00Z,329.958875,4.222400
2025-01-29T23:00:00Z,354.921897,2.358947
2025-01-30T00:00:00Z,357.241928,3.207226
2025-01-30T01:00:00Z,30.909057,6.112195
2025-01-30T02:00:00Z,327.916910,6.341915
2025-01-30T03:00:00Z,59.744390,12.954010
2025-01-30T04:00:00Z,213.767832,6.743624
2025-01-30T05:00:00Z,30.763611,10.078615
2025-01-30T06:00:00Z,347.796504,2.651970
2025-01-30T07:00:00Z,107.094342,3.538075
2025-01-30T08:00:00Z,42.333052,4.650908
2025-01-30T09:00:00Z,317.380996,5.443326
2025-01-30T10:00:00Z,315.249055,4.623110
2025-01-30T11:00:00Z,348.148257,2.650439
2025-01-30T12:00:00Z,22.882254,1.567895
2025-01-30T13:00:00Z,81.682280,1.070056
2025-01-30T14:00:00Z,321.388586,7.479384
2025-01-30T15:00:00Z,309.892920,5.298034
2025-01-30T16:00:00Z,310.778955,6.531314
2025-01-30T17:00:00Z,88.653566,10.461041
2025-01-30T18:00:00Z,102.473951,6.601260
2025-01-30T19:00:00Z,6.508284,7.248452
2025-01-30T20:00:00Z,291.364653,2.136782
2025-01-30T21:00:00Z,324.465549,1.611472
2025-01-30T22:00:00Z,3.048343,1.584913
2025-01-30T23:00:00Z,13.295486,4.819636
2025-01-31T00:00:00Z,99.543035,3.841228
2025-01-31T01:00:00Z,309.022963,2.869616
2025-01-31T02:00:00Z,345.728076,6.291731
2025-01-31T03:00:00Z,26.730361,3.205493
2025-01-31T04:00:00Z,339.057231,2.316608
2025-01-31T05:00:00Z,43.173504,2.225408
2025-01-31T06:00:00Z,2.984929,10.966207
2025-01-31T07:00:00Z,313.188642,5.196881
2025-01-31T08:00:00Z,336.753978,6.340185
2025-01-31T09:00:00Z,333.906247,5.541580
2025-01-31T10:00:00Z,19.867703,9.216140
2025-01-31T11:00:00Z,246.279206,7.871354
2025-01-31T12:00:00Z,347.714895,9.937331
2025-01-31T13:00:00Z,341.129066,5.071805
2025-01-31T14:00:00Z,295.447575,4.033558
2025-01-31T15:00:00Z,2.534498,4.774033
2025-01-31T16:00:00Z,81.365158,5.174418
2025-01-31T17:00:00Z,1.471297,7.161018
2025-01-31T18:00:00Z,8.204026,2.684191
2025-01-31T19:00:00Z,346.843728,5.558465
2025-01-31T20:00:00Z,349.303018,8.983182
2025-01-31T21:00:00Z,11.433416,6.032390
2025-01-31T22:00:00Z,56.563478,1.114926
2025-01-31T23:00:00Z,323.538595,6.778739
2025-02-01T00:00:00Z,53.764433,7.044342
2025-02-01T01:00:00Z,346.665387,3.382641
2025-02-01T02:00:00Z,25.930266,2.161106
2025-02-01T03:00:00Z,53.794507,6.532393
2025-02-01T04:00:00Z,297.300360,5.022546
2025-02-01T05:00:00Z,30.753407,13.060254
2025-02-01T06:00:00Z,261.528901,1.352376
2025-02-01T07:00:00Z,351.463970,6.734034
2025-02-01T08:00:00Z,319.134958,4.402894
2025-02-01T09:00:00Z,284.111066,2.139215
2025-02-01T10:00:00Z,11.729422,0.979843
2025-02-01T11:00:00Z,325.457390,1.568041
2025-02-01T12:00:00Z,347.298355,3.934765
2025-02-01T13:00:00Z,329.309761,3.160715
2025-02-01T14:00:00Z,316.810979,4.672652
2025-02-01T15:00:00Z,114.578889,2.429067
2025-02-01T16:00:00Z,7.215830,7.819959
2025-02-01T17:00:00Z,300.767159,13.701276
2025-02-01T18:00:00Z,52.699388,6.620673
2025-02-01T19:00:00Z,349.568647,6.581005
2025-02-01T20:00:00Z,10.137853,4.942493
2025-02-01T21:00:00Z,343.282304,1.609274
2025-02-01T22:00:00Z,11.324278,3.590505
2025-02-01T23:00:00Z,37.715739,6.006383
2025-02-02T00:00:00Z,195.323530,2.244821
2025-02-02T01:00:00Z,98.017502,3.073187
2025-02-02T02:00:00Z,76.292455,5.284165
2025-02-02T03:00:00Z,0.156194,6.780641
2025-02-02T04:00:00Z,168.316224,7.050288
2025-02-02T05:00:00Z,301.424530,1.643443
2025-02-02T06:00:00Z,168.663504,9.200088
2025-02-02T07:00:00Z,16.010995,11.783452
2025-02-02T08:00:00Z,116.412494,3.595670
2025-02-02T09:00:00Z,82.778251,2.710853
2025-02-02T10:00:00Z,20.103155,2.023188
2025-02-02T11:00:00Z,335.678617,11.510267
2025-02-02T12:00:00Z,345.153057,8.315124
2025-02-02T13:00:00Z,201.954664,5.795428
2025-02-02T14:00:00Z,341.878220,3.098931
2025-02-02T15:00:00Z,46.862553,6.123497
2025-02-02T16:00:00Z,24.282525,5.484779
2025-02-02T17:00:00Z,289.343400,4.966191
2025-02-02T18:00:00Z,217.311968,4.759317
2025-02-02T19:00:00Z,30.418060,7.317538
2025-02-02T20:00:00Z,354.430888,6.599834
2025-02-02T21:00:00Z,291.433212,6.344528
2025-02-02T22:00:00Z,286.174078,4.462418
2025-02-02T23:00:00Z,171.329809,3.860264
2025-02-03T00:00:00Z,14.978954,8.037981
2025-02-03T01:00:00Z,330.376128,6.983671
2025-02-03T02:00:00Z,13.741512,4.886011
2025-02-03T03:00:00Z,353.811885,1.582242
2025-02-03T04:00:00Z,228.632805,2.301738
2025-02-03T05:00:00Z,324.663625,1.119969
2025-02-03T06:00:00Z,34.616699,6.782373
2025-02-03T07:00:00Z,54.601591,7.062594
2025-02-03T08:00:00Z,56.615967,3.038208
2025-02-03T09:00:00Z,141.171246,7.013594
2025-02-03T10:00:00Z,318.005406,2.968036
2025-02-03T11:00:00Z,3.963007,5.993198
2025-02-03T12:00:00Z,2.989051,1.892448
2025-02-03T13:00:00Z,29.679398,5.362848
2025-02-03T14:00:00Z,58.053989,1.874679
2025-02-03T15:00:00Z,142.923975,6.348342
2025-02-03T16:00:00Z,8.643394,5.324825
2025-02-03T17:00:00Z,341.822212,9.530303
2025-02-03T18:00:00Z,223.403981,4.417991
2025-02-03T19:00:00Z,309.634500,6.053495
2025-02-03T20:00:00Z,1.212666,2.047924
2025-02-03T21:00:00Z,228.582813,8.419240
2025-02-03T22:00:00Z,40.148765,4.255984
2025-02-03T23:00:00Z,304.539425,6.874510
2025-02-04T00:00:00Z,338.726204,5.239729
2025-02-04T01:00:00Z,100.297257,7.108597
2025-02-04T02:00:00Z,290.553544,3.325622
2025-02-04T03:00:00Z,352.030680,6.182997
2025-02-04T04:00:00Z,278.357943,1.000110
2025-02-04T05:00:00Z,336.333136,8.110512
2025-02-04T06:00:00Z,93.179290,7.397389
2025-02-04T07:00:00Z,314.222824,4.622404
2025-02-04T08:00:00Z,16.779106,6.552993
2025-02-04T09:00:00Z,34.373755,5.893076
2025-02-04T10:00:00Z,338.002619,5.667918
2025-02-04T11:00:00Z,346.796183,4.490231
2025-02-04T12:00:00Z,155.888712,10.718507
2025-02-04T13:00:00Z,11.233826,1.400404
2025-02-04T14:00:00Z,42.525663,4.693853
2025-02-04T15:00:00Z,337.986401,7.310977
2025-02-04T16:00:00Z,165.206254,7.029033
2025-02-04T17:00:00Z,265.194055,6.851946
2025-02-04T18:00:00Z,194.187506,1.699953
2025-02-04T19:00:00Z,343.816850,6.269129
2025-02-04T20:00:00Z,320.403970,3.524274
2025-02-04T21:00:00Z,43.713131,6.926855
2025-02-04T22:00:00Z,4.725691,5.871385
2025-02-04T23:00:00Z,331.431806,2.334360
2025-02-05T00:00:00Z,33.780515,7.784948
2025-02-05T01:00:00Z,359.613882,8.786867
2025-02-05T02:00:00Z,69.746416,7.254396
2025-02-05T03:00:00Z,13.782899,7.403804
2025-02-05T04:00:00Z,216.705329,4.087521
2025-02-05T05:00:00Z,311.288231,5.347371
2025-02-05T06:00:00Z,43.348108,4.438441
2025-02-05T07:00:00Z,147.448420,5.315052
2025-02-05T08:00:00Z,1.129581,1.688230
2025-02-05T09:00:00Z,44.263410,3.757656
2025-02-05T10:00:00Z,69.745491,7.835870
2025-02-05T11:00:00Z,92.763818,2.095116
2025-02-05T12:00:00Z,345.767700,8.076218
2025-02-05T13:00:00Z,352.783802,9.105836
2025-02-05T14:00:00Z,319.620593,7.417248
2025-02-05T15:00:00Z,167.344200,8.140304
2025-02-05T16:00:00Z,134.680437,3.853446
2025-02-05T17:00:00Z,53.238121,5.171681
2025-02-05T18:00:00Z,67.066318,6.791563
2025-02-05T19:00:00Z,52.684256,5.360711
2025-02-05T20:00:00Z,43.244192,6.651875
2025-02-05T21:00:00Z,52.627638,5.291693
2025-02-05T22:00:00Z,354.283488,3.859726
2025-02-05T23:00:00Z,356.467286,2.949028
2025-02-06T00:00:00Z,56.117621,12.404028
2025-02-06T01:00:00Z,330.510276,6.405992
2025-02-06T02:00:00Z,4.648915,2.388782
2025-02-06T03:00:00Z,19.513564,1.505410
2025-02-06T04:00:00Z,278.744010,0.804753
2025-02-06T05:00:00Z,54.094705,10.436339
2025-02-06T06:00:00Z,320.187116,5.924768
2025-02-06T07:00:00Z,185.851740,1.806673
2025-02-06T08:00:00Z,79.818648,1.269754
2025-02-06T09:00:00Z,16.989260,2.526320
2025-02-06T10:00:00Z,14.316576,6.953479
2025-02-06T11:00:00Z,28.032901,1.980354
2025-02-06T12:00:00Z,327.418409,4.305903
2025-02-06T13:00:00Z,312.623318,4.656039
2025-02-06T14:00:00Z,339.801092,6.274220
2025-02-06T15:00:00Z,281.339995,7.731407
2025-02-06T16:00:00Z,312.265765,6.677556
2025-02-06T17:00:00Z,345.709442,3.669588
2025-02-06T18:00:00Z,332.840466,6.789699
2025-02-06T19:00:00Z,56.052192,3.681161
2025-02-06T20:00:00Z,8.370001,1.722674
2025-02-06T21:00:00Z,36.918007,2.996029
2025-02-06T22:00:00Z,338.547109,8.349879
2025-02-06T23:00:00Z,342.438374,5.837657
2025-02-07T00:00:00Z,90.353181,6.376935
2025-02-07T01:00:00Z,351.878060,5.692627
2025-02-07T02:00:00Z,21.535461,6.806330
2025-02-07T03:00:00Z,6.629846,1.130950
2025-02-07T04:00:00Z,279.101216,6.586440
2025-02-07T05:00:00Z,358.067249,7.117614
2025-02-07T06:00:00Z,346.215466,8.148900
2025-02-07T07:00:00Z,19.664579,3.357480
2025-02-07T08:00:00Z,80.749488,8.190521
2025-02-07T09:00:00Z,345.892730,4.068024
2025-02-07T10:00:00Z,39.410291,9.965340
2025-02-07T11:00:00Z,103.910432,4.559911
2025-02-07T12:00:00Z,26.126643,4.238598
2025-02-07T13:00:00Z,18.649188,1.176768
2025-02-07T14:00:00Z,18.539380,7.700961
2025-02-07T15:00:00Z,159.284479,8.995538
2025-02-07T16:00:00Z,359.875863,5.712187
2025-02-07T17:00:00Z,262.847529,10.877798
2025-02-07T18:00:00Z,329.625368,2.528356
2025-02-07T19:00:00Z,333.214723,5.716821
2025-02-07T20:00:00Z,82.145442,2.233805
2025-02-07T21:00:00Z,339.214443,3.910281
2025-02-07T22:00:00Z,322.830845,2.768886
2025-02-07T23:00:00Z,342.251179,7.789320
2025-02-08T00:00:00Z,76.330963,6.852160
2025-02-08T01:00:00Z,205.816357,4.889245
2025-02-08T02:00:00Z,177.772793,4.397992
2025-02-08T03:00:00Z,5.940631,4.120117
2025-02-08T04:00:00Z,29.464526,5.814733
2025-02-08T05:00:00Z,357.721118,5.307033
2025-02-08T06:00:00Z,16.382702,4.957752
2025-02-08T07:00:00Z,333.218905,1.304659
2025-02-08T08:00:00Z,29.558549,5.033109
2025-02-08T09:00:00Z,341.202347,7.681115
2025-02-08T10:00:00Z,10.496569,6.184352
2025-02-08T11:00:00Z,206.022064,7.151656
2025-02-08T12:00:00Z,300.722896,12.315799
2025-02-08T13:00:00Z,44.561101,8.716657
2025-02-08T14:00:00Z,5.804031,6.823419
2025-02-08T15:00:00Z,306.572383,5.649489
2025-02-08T16:00:00Z,318.594650,3.023268
2025-02-08T17:00:00Z,57.230019,3.530076
2025-02-08T18:00:00Z,343.023448,9.083115
2025-02-08T19:00:00Z,9.660253,5.347985
2025-02-08T20:00:00Z,13.361140,6.674283
2025-02-08T21:00:00Z,329.680801,6.304476
2025-02-08T22:00:00Z,355.800257,6.414200
2025-02-08T23:00:00Z,319.114456,4.534794
2025-02-09T00:00:00Z,92.313461,8.040050
2025-02-09T01:00:00Z,296.346873,13.246470
2025-02-09T02:00:00Z,340.523357,3.167708
2025-02-09T03:00:00Z,35.320169,5.981550
2025-02-09T04:00:00Z,298.718071,2.718599
2025-02-09T05:00:00Z,275.981289,1.964641
2025-02-09T06:00:00Z,347.726056,6.078695
2025-02-09T07:00:00Z,88.611159,6.152321
2025-02-09T08:00:00Z,303.402826,2.977470
2025-02-09T09:00:00Z,25.913182,2.435690
2025-02-09T10:00:00Z,20.029012,1.155742
2025-02-09T11:00:00Z,270.209452,1.861520
2025-02-09T12:00:00Z,312.898257,3.339169
2025-02-09T13:00:00Z,24.678196,8.944362
2025-02-09T14:00:00Z,286.866642,3.040320
2025-02-09T15:00:00Z,6.270813,5.381377
2025-02-09T16:00:00Z,345.594222,9.795590
2025-02-09T17:00:00Z,212.341986,5.014592
2025-02-09T18:00:00Z,36.917581,10.698349
2025-02-09T19:00:00Z,73.719175,7.293670
2025-02-09T20:00:00Z,49.406686,9.716215
2025-02-09T21:00:00Z,244.960729,1.986489
2025-02-09T22:00:00Z,59.776213,4.678963
2025-02-09T23:00:00Z,17.901414,7.804151
2025-02-10T00:00:00Z,9.592164,6.609875
2025-02-10T01:00:00Z,23.454153,5.047805
2025-02-10T02:00:00Z,25.712693,5.281266
2025-02-10T03:00:00Z,13.225867,4.807256
2025-02-10T04:00:00Z,97.842872,5.033377
2025-02-10T05:00:00Z,355.079089,12.846719
2025-02-10T06:00:00Z,121.952557,9.304698
2025-02-10T07:00:00Z,3.631574,7.111062
2025-02-10T08:00:00Z,270.688385,1.923017
2025-02-10T09:00:00Z,18.688251,3.059198
2025-02-10T10:00:00Z,136.502809,0.656644
2025-02-10T11:00:00Z,307.246742,2.056949
2025-02-10T12:00:00Z,7.476397,3.614760
2025-02-10T13:00:00Z,329.623132,7.526187
2025-02-10T14:00:00Z,283.324784,7.386896
2025-02-10T15:00:00Z,8.950287,6.420929
2025-02-10T16:00:00Z,18.926269,2.512134
2025-02-10T17:00:00Z,334.518916,3.240008
2025-02-10T18:00:00Z,28.889690,3.470123
2025-02-10T19:00:00Z,18.170246,3.496823
2025-02-10T20:00:00Z,323.762531,4.282983
2025-02-10T21:00:00Z,47.697632,5.475090
2025-02-10T22:00:00Z,346.265894,1.116826
2025-02-10T23:00:00Z,330.848095,3.673025
2025-02-11T00:00:00Z,339.809819,8.681834
2025-02-11T01:00:00Z,3.186631,1.685723
2025-02-11T02:00:00Z,338.944575,1.349475
2025-02-11T03:00:00Z,322.968955,5.492601
2025-02-11T04:00:00Z,25.595295,3.677577
2025-02-11T05:00:00Z,43.259391,7.551336
2025-02-11T06:00:00Z,308.300406,4.216391
2025-02-11T07:00:00Z,249.074150,1.680428
2025-02-11T08:00:00Z,31.622503,4.772743
2025-02-11T09:00:00Z,16.130599,4.017391
2025-02-11T10:00:00Z,349.564758,6.883531
2025-02-11T11:00:00Z,62.268154,1.928606
2025-02-11T12:00:00Z,13.351307,8.575026
2025-02-11T13:00:00Z,11.653843,4.779544
2025-02-11T14:00:00Z,41.971753,5.053133
2025-02-11T15:00:00Z,351.675825,3.927301
2025-02-11T16:00:00Z,4.745389,4.719297
2025-02-11T17:00:00Z,85.851313,3.282444
2025-02-11T18:00:00Z,17.580954,3.264645
2025-02-11T19:00:00Z,42.621098,3.843839
2025-02-11T20:00:00Z,8.011471,8.396885
2025-02-11T21:00:00Z,359.178264,6.300860
2025-02-11T22:00:00Z,96.213040,9.152234
2025-02-11T23:00:00Z,334.521664,1.313374
2025-02-12T00:00:00Z,228.920984,4.225901
2025-02-12T01:00:00Z,51.985520,3.484677
2025-02-12T02:00:00Z,289.892868,3.184257
2025-02-12T03:00:00Z,16.990633,10.564155
2025-02-12T04:00:00Z,71.275231,15.617427
2025-02-12T05:00:00Z,354.922331,8.374849
2025-02-12T06:00:00Z,85.143105,3.884483
2025-02-12T07:00:00Z,337.220084,9.411938
2025-02-12T08:00:00Z,328.965071,4.967024
2025-02-12T09:00:00Z,28.353683,1.401614
2025-02-12T10:00:00Z,253.703230,4.232253
2025-02-12T11:00:00Z,285.995645,10.077483
2025-02-12T12:00:00Z,28.116703,4.520665
2025-02-12T13:00:00Z,27.741556,2.681895
2025-02-12T14:00:00Z,355.424102,5.455620
2025-02-12T15:00:00Z,298.160612,5.157989
2025-02-12T16:00:00Z,329.700480,5.862312
2025-02-12T17:00:00Z,147.675737,4.365526
2025-02-12T18:00:00Z,312.793172,3.000030
2025-02-12T19:00:00Z,14.866190,6.663965
2025-02-12T20:00:00Z,351.045611,4.819937
2025-02-12T21:00:00Z,161.210906,8.066180
2025-02-12T22:00:00Z,221.714049,1.761285
2025-02-12T23:00:00Z,351.164761,10.334343
2025-02-13T00:00:00Z,4.411086,1.804888
2025-02-13T01:00:00Z,254.694776,2.340877
2025-02-13T02:00:00Z,75.905393,4.208457
2025-02-13T03:00:00Z,36.430116,6.116566
2025-02-13T04:00:00Z,357.703627,9.763363
2025-02-13T05:00:00Z,195.106553,3.796846
2025-02-13T06:00:00Z,348.519858,2.199972
2025-02-13T07:00:00Z,64.665852,3.025267
2025-02-13T08:00:00Z,42.998381,4.761120
2025-02-13T09:00:00Z,309.351793,3.835083
2025-02-13T10:00:00Z,349.195762,5.210982
2025-02-13T11:00:00Z,319.182758,7.619953
2025-02-13T12:00:00Z,56.902418,1.400989
2025-02-13T13:00:00Z,336.178692,9.935333
2025-02-13T14:00:00Z,349.583987,2.867958
2025-02-13T15:00:00Z,346.833199,4.696741
2025-02-13T16:00:00Z,136.142119,8.879478
2025-02-13T17:00:00Z,69.092178,4.946165
2025-02-13T18:00:00Z,295.118814,7.635269
2025-02-13T19:00:00Z,307.465639,6.846946
2025-02-13T20:00:00Z,12.252929,4.514483
2025-02-13T21:00:00Z,58.371813,3.941204
2025-02-13T22:00:00Z,339.154943,5.386297
2025-02-13T23:00:00Z,18.605437,3.584424
2025-02-14T00:00:00Z,323.281520,7.218793
2025-02-14T01:00:00Z,335.421231,4.311732
2025-02-14T02:00:00Z,13.415258,3.920072
2025-02-14T03:00:00Z,198.289159,3.131053
2025-02-14T04:00:00Z,351.308864,5.805524
2025-02-14T05:00:00Z,19.399635,2.583600
2025-02-14T06:00:00Z,21.434515,4.704238
2025-02-14T07:00:00Z,13.535658,4.851382
2025-02-14T08:00:00Z,46.671047,1.116062
2025-02-14T09:00:00Z,255.444008,5.414031
2025-02-14T10:00:00Z,3.003804,5.736526
2025-02-14T11:00:00Z,30.920621,7.780938
2025-02-14T12:00:00Z,22.063305,2.411906
2025-02-14T13:00:00Z,342.269653,2.135517
2025-02-14T14:00:00Z,8.619014,8.914461
2025-02-14T15:00:00Z,0.208044,15.416371
2025-02-14T16:00:00Z,16.056959,10.149875
2025-02-14T17:00:00Z,338.024979,1.964963
2025-02-14T18:00:00Z,307.609198,6.693103
2025-02-14T19:00:00Z,40.713563,1.192613
2025-02-14T20:00:00Z,43.038883,5.486450
2025-02-14T21:00:00Z,15.654059,6.618999
2025-02-14T22:00:00Z,80.222531,6.953419
2025-02-14T23:00:00Z,289.415760,9.297977
2025-02-15T00:00:00Z,189.499031,2.062169
2025-02-15T01:00:00Z,352.207275,11.055748
2025-02-15T02:00:00Z,242.816533,4.862563
2025-02-15T03:00:00Z,57.711744,5.825134
2025-02-15T04:00:00Z,41.778677,7.458705
2025-02-15T05:00:00Z,11.701798,4.702465
2025-02-15T06:00:00Z,352.272674,8.259950
2025-02-15T07:00:00Z,56.467999,3.686521
2025-02-15T08:00:00Z,301.871272,5.131709
2025-02-15T09:00:00Z,34.087785,6.358512
2025-02-15T10:00:00Z,20.251229,3.350993
2025-02-15T11:00:00Z,39.316347,1.952490
2025-02-15T12:00:00Z,26.074598,5.645989
2025-02-15T13:00:00Z,15.183535,6.736102
2025-02-15T14:00:00Z,335.846434,7.187904
2025-02-15T15:00:00Z,348.507321,1.863207
2025-02-15T16:00:00Z,333.190309,9.022024
2025-02-15T17:00:00Z,343.597232,12.835966
2025-02-15T18:00:00Z,297.693103,4.614200
2025-02-15T19:00:00Z,283.683556,5.710477
2025-02-15T20:00:00Z,18.731418,9.763340
2025-02-15T21:00:00Z,319.805367,3.355060
2025-02-15T22:00:00Z,328.125884,5.836941
2025-02-15T23:00:00Z,22.641695,3.570625
2025-02-16T00:00:00Z,16.125340,3.693349
2025-02-16T01:00:00Z,82.862889,3.789160
2025-02-16T02:00:00Z,73.305708,7.016410
2025-02-16T03:00:00Z,336.465618,5.407222
2025-02-16T04:00:00Z,345.460341,2.425761
2025-02-16T05:00:00Z,287.541543,4.669176
2025-02-16T06:00:00Z,6.839045,11.498917
2025-02-16T07:00:00Z,82.829009,6.172810
2025-02-16T08:00:00Z,336.553578,6.255050
2025-02-16T09:00:00Z,6.320126,1.599294
2025-02-16T10:00:00Z,55.279650,3.152679
2025-02-16T11:00:00Z,59.173532,5.844513
2025-02-16T12:00:00Z,46.569409,9.916222
2025-02-16T13:00:00Z,61.823138,4.035289
2025-02-16T14:00:00Z,27.301786,8.381101
2025-02-16T15:00:00Z,18.376508,2.079208
2025-02-16T16:00:00Z,345.756377,3.750263
2025-02-16T17:00:00Z,138.994762,2.409866
2025-02-16T18:00:00Z,56.647903,9.482989
2025-02-16T19:00:00Z,150.571119,2.520205
2025-02-16T20:00:00Z,118.239405,3.613890
2025-02-16T21:00:00Z,97.080091,5.269942
2025-02-16T22:00:00Z,54.635579,6.518055
2025-02-16T23:00:00Z,352.991367,3.103917
2025-02-17T00:00:00Z,209.869004,7.360677
2025-02-17T01:00:00Z,49.038834,4.802319
2025-02-17T02:00:00Z,285.634973,6.795564
2025-02-17T03:00:00Z,7.225272,6.256162
2025-02-17T04:00:00Z,0.845036,2.785858
2025-02-17T05:00:00Z,18.065999,6.280740
2025-02-17T06:00:00Z,347.458093,3.437998
2025-02-17T07:00:00Z,6.354692,8.967607
2025-02-17T08:00:00Z,329.085436,5.655810
2025-02-17T09:00:00Z,241.280407,4.991895
2025-02-17T10:00:00Z,349.565820,4.622938
2025-02-17T11:00:00Z,349.655513,1.365142
2025-02-17T12:00:00Z,359.793416,5.682561
2025-02-17T13:00:00Z,27.592930,2.656336
2025-02-17T14:00:00Z,9.882793,2.372320
2025-02-17T15:00:00Z,5.690163,1.794033
2025-02-17T16:00:00Z,34.833942,5.253302
2025-02-17T17:00:00Z,52.920190,6.210601
2025-02-17T18:00:00Z,349.642755,8.366925
2025-02-17T19:00:00Z,283.405495,1.857364
2025-02-17T20:00:00Z,48.255000,4.702862
2025-02-17T21:00:00Z,310.706276,6.466622
2025-02-17T22:00:00Z,9.236690,4.607889
2025-02-17T23:00:00Z,335.863420,1.082082
2025-02-18T00:00:00Z,189.868870,3.549541
2025-02-18T01:00:00Z,339.402609,13.575829
2025-02-18T02:00:00Z,324.487678,5.944010
2025-02-18T03:00:00Z,333.335109,9.219664
2025-02-18T04:00:00Z,8.756508,2.577523
2025-02-18T05:00:00Z,10.388122,5.122352
2025-02-18T06:00:00Z,329.990682,7.930426
2025-02-18T07:00:00Z,309.606776,9.904972
2025-02-18T08:00:00Z,332.032289,10.066268
2025-02-18T09:00:00Z,157.717564,6.169605
2025-02-18T10:00:00Z,64.656938,12.200274
2025-02-18T11:00:00Z,11.358839,3.016974
2025-02-18T12:00:00Z,177.652613,4.374638
2025-02-18T13:00:00Z,330.561559,7.296951
2025-02-18T14:00:00Z,135.314835,4.708497
2025-02-18T15:00:00Z,20.423529,7.198893
2025-02-18T16:00:00Z,354.565085,3.304455
2025-02-18T17:00:00Z,12.590037,7.572794
2025-02-18T18:00:00Z,40.552572,0.270116
2025-02-18T19:00:00Z,16.748467,6.700677
2025-02-18T20:00:00Z,314.782143,2.499110
2025-02-18T21:00:00Z,42.185471,1.603090
2025-02-18T22:00:00Z,325.865573,4.420945
2025-02-18T23:00:00Z,235.946083,5.479561
2025-02-19T00:00:00Z,333.941371,4.893711
2025-02-19T01:00:00Z,324.478379,1.760852
2025-02-19T02:00:00Z,336.927790,2.039587
2025-02-19T03:00:00Z,88.212175,15.900000
2025-02-19T04:00:00Z,297.431287,6.029924
2025-02-19T05:00:00Z,258.871897,8.472455
2025-02-19T06:00:00Z,349.300678,5.867793
2025-02-19T07:00:00Z,23.380287,5.339864
2025-02-19T08:00:00Z,308.183946,4.304304
2025-02-19T09:00:00Z,14.312550,6.059824
2025-02-19T10:00:00Z,353.805812,8.201225
2025-02-19T11:00:00Z,13.496357,3.099756
2025-02-19T12:00:00Z,310.952254,1.111327
2025-02-19T13:00:00Z,49.283945,4.177537
2025-02-19T14:00:00Z,303.141296,1.731383
2025-02-19T15:00:00Z,86.041124,3.285034
2025-02-19T16:00:00Z,34.214378,8.627705
2025-02-19T17:00:00Z,18.238208,4.448519
2025-02-19T18:00:00Z,294.657150,8.325259
2025-02-19T19:00:00Z,42.257240,6.196668
2025-02-19T20:00:00Z,348.938238,1.869543
2025-02-19T21:00:00Z,9.544130,4.324188
2025-02-19T22:00:00Z,332.834995,3.505344
2025-02-19T23:00:00Z,284.628775,9.182116
